id,first_name,last_name,email,country,ip_address
1,Paul,Barnes,pbarnes@brainfire.biz,Iraq,73.18.60.94
2,Louise,Warren,lwarren@fivespan.biz,Turks and Caicos Islands,117.149.11.30
3,Emily,Romero,eromero@twitterbridge.org,Madagascar,221.253.197.27
4,William,Payne,wpayne@realfire.net,Tokelau,135.107.118.144
5,Irene,Hart,ihart@yakijo.mil,Morocco,163.12.80.138
6,Charles,Owens,cowens@skinte.net,Honduras,140.29.255.27
7,Shawn,Franklin,sfranklin@avamm.mil,Tunisia,8.170.14.172
8,Kimberly,Kelly,kkelly@feedspan.edu,Ecuador,117.96.159.119
9,Wayne,Hart,whart@twitterbeat.info,Cayman Islands,61.237.113.208
10,Anna,Ruiz,aruiz@aimbu.gov,Yemen,95.75.142.78
11,Betty,Ramirez,bramirez@mycat.net,Cameroon,240.99.84.135
12,Sandra,Harris,sharris@topicshots.gov,India,197.137.101.38
13,Ruby,Hughes,rhughes@skinix.mil,Qatar,151.217.140.5
14,Antonio,Torres,atorres@ailane.net,Burundi,97.244.25.205
15,Gregory,Torres,gtorres@skalith.com,Malawi,176.151.96.92
16,Harry,Peterson,hpeterson@eimbee.net,Bangladesh,144.82.248.114
17,Wayne,Ward,wward@livetube.gov,"Congo, Republic of",214.111.23.80
18,George,Diaz,gdiaz@muxo.biz,Sweden,6.194.202.190
19,Catherine,Gomez,cgomez@brainsphere.com,Jamaica,245.198.191.123
20,Irene,Matthews,imatthews@snaptags.biz,Mongolia,65.6.161.83
21,Maria,Kelly,mkelly@realbridge.biz,Liechtenstein,150.75.248.84
22,Jason,Carr,jcarr@rhyzio.mil,Bermuda,248.240.33.96
23,Carolyn,Rogers,crogers@trilia.name,Bosnia and Herzegovina,242.119.172.0
24,Dennis,Bishop,dbishop@dabfeed.info,Liechtenstein,139.5.69.120
25,Juan,Webb,jwebb@divanoodle.name,Nepal,103.167.89.20
26,Mildred,Burke,mburke@muxo.net,Bhutan,11.173.21.50
27,Beverly,Coleman,bcoleman@myworks.com,Gambia,114.73.25.101
28,Larry,Spencer,lspencer@kazu.com,Malaysia,233.139.246.96
29,Eugene,Long,elong@buzzster.name,Northern Mariana Islands,158.82.85.67
30,Mark,Larson,mlarson@realmix.com,Niger,21.167.26.154
31,Jesse,Powell,jpowell@skiptube.mil,Lithuania,90.171.64.110
32,Philip,Romero,promero@eamia.name,Somalia,83.66.235.234
33,Ronald,Adams,radams@skyba.info,"Congo, Republic of",117.85.60.250
34,Howard,Wells,hwells@meedoo.gov,Niue,21.158.27.4
35,Jeremy,Mills,jmills@buzzshare.biz,Guyana,240.218.104.66
36,Richard,Perkins,rperkins@gabcube.mil,Trinidad and Tobago,58.55.223.50
37,Clarence,Carr,ccarr@topicblab.info,Croatia,222.26.175.69
38,Benjamin,Montgomery,bmontgomery@meevee.mil,Svalbard and Jan Mayen Islands,70.63.231.53
39,Nancy,Payne,npayne@mita.name,"Palestinian Territory, Occupied",141.253.90.159
40,Ruby,Hamilton,rhamilton@rhynyx.org,"Palestinian Territory, Occupied",140.250.150.226
41,Kenneth,Martin,kmartin@leexo.com,Liberia,135.218.148.23
42,Gerald,Wells,gwells@kayveo.biz,French Polynesia,7.177.54.178
43,Margaret,Kim,mkim@gabcube.net,Kenya,167.169.117.20
44,Paula,Williams,pwilliams@browseblab.com,Latvia,223.57.205.145
45,Todd,Rice,trice@myworks.name,Japan,103.68.31.158
46,Philip,Mason,pmason@edgetag.biz,Gambia,245.108.176.210
47,George,Medina,gmedina@zoozzy.org,Tanzania,85.111.61.59
48,Brenda,Parker,bparker@quatz.mil,Saint Barthelemy,203.94.241.0
49,Kevin,Garza,kgarza@devshare.org,Montenegro,218.236.215.48
50,Jessica,Gonzales,jgonzales@voolia.org,Trinidad and Tobago,255.129.159.137
51,Brian,Davis,bdavis@feedfire.mil,Cambodia,161.157.130.145
52,Michael,Dean,mdean@eamia.biz,Vanuatu,56.179.177.227
53,Arthur,Brooks,abrooks@vidoo.gov,France,200.91.235.158
54,Harry,Brown,hbrown@realbridge.org,Tanzania,24.160.135.154
55,Julie,Myers,jmyers@trupe.gov,Palau,50.28.96.27
56,Raymond,Stanley,rstanley@wikivu.org,French Southern Territories,219.150.110.6
57,Joyce,Dixon,jdixon@snaptags.edu,Guadeloupe,222.215.178.46
58,Lori,Henry,lhenry@browseblab.mil,Armenia,133.143.92.143
59,Robert,Tucker,rtucker@abata.org,Gabon,214.18.134.227
60,Linda,Ryan,lryan@cogibox.org,Yugoslavia,178.222.98.204
61,Betty,Lopez,blopez@gigabox.edu,Sri Lanka,129.248.27.227
62,Wanda,Carroll,wcarroll@avaveo.info,Sudan,64.104.252.163
63,Nicole,Black,nblack@flipbug.org,Gambia,133.157.181.23
64,Willie,Hanson,whanson@eimbee.com,Chile,20.146.249.232
65,Billy,Schmidt,bschmidt@devify.name,Cyprus,92.19.24.125
66,Carol,Miller,cmiller@edgeblab.gov,Niger,115.111.4.114
67,Ann,Sanchez,asanchez@trudeo.mil,Lesotho,156.64.51.177
68,Shirley,Nichols,snichols@skiptube.info,Haiti,147.218.135.102
69,Roy,George,rgeorge@skajo.org,Kyrgyzstan,153.183.118.13
70,Phyllis,Rodriguez,prodriguez@thoughtworks.mil,Uganda,245.234.208.113
71,Jennifer,Peters,jpeters@zooveo.name,France,82.246.246.154
72,Kathleen,Gordon,kgordon@topicshots.biz,Belgium,31.38.1.79
73,Ann,Ford,aford@oba.edu,Mexico,96.29.145.224
74,Rose,Perez,rperez@divanoodle.info,Guernsey,34.49.128.186
75,Lillian,Richardson,lrichardson@centizu.org,Pitcairn Island,104.139.193.197
76,Karen,Adams,kadams@devcast.net,Iraq,168.95.137.190
77,Alan,Sims,asims@wikivu.net,Greece,63.160.60.129
78,Bonnie,Davis,bdavis@dabtype.mil,Israel,237.207.215.60
79,Larry,Ellis,lellis@gabvine.info,Luxembourg,198.27.120.77
80,Dennis,Washington,dwashington@bubbletube.gov,Serbia,193.212.241.179
81,Jose,Bell,jbell@trilia.net,Burundi,233.32.7.48
82,Margaret,Garcia,mgarcia@agimba.info,Turkey,18.195.9.93
83,Sharon,Andrews,sandrews@brainbox.gov,Costa Rica,180.29.181.228
84,Andrea,Morris,amorris@centimia.com,Mauritius,48.141.84.120
85,Kevin,Taylor,ktaylor@realcube.name,Japan,90.230.154.238
86,Karen,Gutierrez,kgutierrez@thoughtbridge.com,Georgia,142.59.123.71
87,Carolyn,Dunn,cdunn@brainlounge.net,Andorra,71.76.53.180
88,Linda,Wright,lwright@livefish.org,Slovakia,1.7.218.191
89,Marilyn,Cunningham,mcunningham@pixoboo.biz,Jersey,214.24.72.76
90,Jeremy,Rivera,jrivera@ntags.biz,Kazakhstan,127.7.209.102
91,Brenda,Lee,blee@vidoo.edu,Antarctica,7.36.13.44
92,Jesse,Oliver,joliver@innoz.com,Iraq,151.212.19.10
93,Annie,Pierce,apierce@devify.mil,Faroe Islands,231.186.207.6
94,Willie,Thompson,wthompson@twitterlist.org,Brazil,172.163.180.40
95,Shirley,Parker,sparker@yotz.info,Indonesia,112.245.35.231
96,Patrick,Torres,ptorres@jayo.name,Uzbekistan,73.207.84.212
97,Bonnie,Webb,bwebb@minyx.org,Mexico,249.228.16.234
98,Richard,Watkins,rwatkins@aimbo.edu,Nicaragua,105.99.52.188
99,Timothy,Wheeler,twheeler@livefish.info,Saint Kitts and Nevis,231.60.61.89
100,Christine,Young,cyoung@yambee.info,Guam,14.122.66.44
101,Patricia,Gordon,pgordon@browsetype.net,Monaco,245.121.45.108
102,Harry,Wright,hwright@abata.com,Mauritius,226.95.149.3
103,William,Gardner,wgardner@demimbu.mil,Nigeria,252.235.230.112
104,Nancy,Snyder,nsnyder@edgeclub.biz,Zimbabwe,60.204.146.89
105,Russell,Adams,radams@aibox.mil,Barbados,210.247.207.147
106,Jimmy,Perry,jperry@digitube.gov,Morocco,255.205.198.174
107,Jerry,Carpenter,jcarpenter@yamia.mil,Nigeria,183.241.217.142
108,Ryan,Jordan,rjordan@podcat.org,Dominica,77.169.251.167
109,Anna,Jacobs,ajacobs@fadeo.gov,Guatemala,211.62.25.18
110,Douglas,Simmons,dsimmons@thoughtstorm.name,Kiribati,75.250.99.95
111,Heather,Carroll,hcarroll@yambee.gov,Denmark,147.101.233.169
112,Jeremy,Smith,jsmith@bubblemix.gov,Italy,158.49.161.75
113,Craig,Ortiz,cortiz@fadeo.gov,Yemen,27.11.250.253
114,Antonio,Fields,afields@mudo.net,Cayman Islands,30.147.155.124
115,Jerry,Gray,jgray@photobug.info,Iceland,75.58.40.117
116,Alice,Bowman,abowman@photobug.name,Burkina Faso,105.117.148.103
117,Amy,Lawrence,alawrence@jetwire.info,Papua New Guinea,110.161.61.214
118,Judith,Phillips,jphillips@lazzy.info,Guadeloupe,71.129.237.43
119,Linda,King,lking@wikivu.org,Saint Vincent and the Grenadines,25.39.151.27
120,Donna,Shaw,dshaw@topicshots.edu,Armenia,157.183.181.105
121,Mark,Ellis,mellis@pixoboo.gov,Albania,25.120.93.149
122,Pamela,Simpson,psimpson@realcube.org,Guam,244.212.251.157
123,Carlos,Arnold,carnold@thoughtbeat.gov,Pitcairn Island,182.100.21.60
124,Edward,Payne,epayne@zoomzone.net,Finland,126.134.155.22
125,Carl,Holmes,cholmes@kazio.com,Jordan,221.64.228.197
126,Kathy,Bowman,kbowman@janyx.com,Eritrea,28.90.14.184
127,Martha,Stone,mstone@quire.info,Mayotte,231.121.104.216
128,Gerald,Reyes,greyes@fatz.mil,Kiribati,52.194.46.36
129,Christine,Hayes,chayes@thoughtmix.com,Kyrgyzstan,134.182.39.166
130,Brandon,Romero,bromero@skipfire.gov,Western Sahara,147.55.176.45
131,Louis,Stanley,lstanley@skivee.org,Bolivia,44.192.15.120
132,Patrick,Hansen,phansen@abatz.gov,Swaziland,125.81.53.195
133,Douglas,Lee,dlee@photolist.org,Bouvet Island,60.172.41.125
134,Ashley,Wells,awells@flashset.net,Trinidad and Tobago,192.164.38.19
135,Amanda,Ramirez,aramirez@ailane.com,Austria,179.180.190.204
136,Philip,Butler,pbutler@realcube.net,Montenegro,52.3.93.63
137,David,Stevens,dstevens@roombo.biz,British Virgin Islands,10.20.192.184
138,Ernest,White,ewhite@leexo.edu,Saint Martin,167.252.69.113
139,Ruth,Wood,rwood@babbleset.edu,Åland,196.145.163.67
140,Steven,Fernandez,sfernandez@dabfeed.gov,Gibraltar,211.87.91.107
141,Julie,Woods,jwoods@skipstorm.org,Bulgaria,247.50.16.225
142,Donna,Green,dgreen@vidoo.biz,United Kingdom,206.95.25.139
143,Jason,Duncan,jduncan@browsezoom.net,Bolivia,124.48.155.41
144,Jeffrey,Ferguson,jferguson@youopia.com,Qatar,234.253.111.246
145,Deborah,Clark,dclark@dabshots.edu,Cote d'Ivoire,87.25.13.47
146,Elizabeth,Day,eday@thoughtstorm.edu,Gabon,189.69.4.206
147,Shirley,Perry,sperry@skinder.info,Estonia,30.35.242.215
148,Antonio,Garrett,agarrett@topicstorm.biz,Guatemala,39.156.176.126
149,Louis,Day,lday@avamba.net,Nigeria,216.105.213.105
150,Jose,Carpenter,jcarpenter@twinte.edu,Laos,126.244.31.79
151,Keith,Young,kyoung@edgeblab.name,Northern Mariana Islands,94.79.8.136
152,Ryan,Schmidt,rschmidt@vidoo.net,Martinique,54.210.188.92
153,Patricia,Lawrence,plawrence@feedmix.net,Mali,90.173.26.237
154,Brandon,Ray,bray@bubbletube.gov,Antarctica,246.131.255.177
155,Harry,Ferguson,hferguson@feednation.edu,Cayman Islands,234.233.201.191
156,Rose,Owens,rowens@fivechat.biz,Cayman Islands,85.125.61.216
157,Gary,Mitchell,gmitchell@browsecat.biz,Christmas Island,234.162.168.76
158,Sarah,Simpson,ssimpson@tanoodle.name,Germany,9.151.35.146
159,Arthur,Hicks,ahicks@jayo.net,Dominica,87.52.209.153
160,Christine,Harris,charris@vitz.info,Tajikistan,199.48.217.78
161,Jimmy,Castillo,jcastillo@wikizz.edu,Martinique,48.26.137.185
162,Jeremy,Reynolds,jreynolds@ooba.gov,Romania,92.178.179.107
163,Amy,Diaz,adiaz@jazzy.edu,Austria,54.170.110.243
164,Cynthia,Bradley,cbradley@eamia.com,China,168.90.126.53
165,Lisa,Miller,lmiller@demimbu.com,French Guiana,81.203.191.161
166,Irene,Harvey,iharvey@twitterbridge.gov,British Virgin Islands,31.213.208.65
167,Carolyn,Simpson,csimpson@shuffledrive.net,Sweden,158.32.22.4
168,Christina,Franklin,cfranklin@tanoodle.net,Egypt,159.80.63.87
169,Ashley,Boyd,aboyd@voomm.name,Japan,132.204.249.27
170,Henry,Bishop,hbishop@fivespan.mil,Reunion,179.10.202.45
171,Jimmy,Harrison,jharrison@yacero.net,Philippines,17.231.38.115
172,Joseph,Black,jblack@vinte.com,Puerto Rico,82.18.93.187
173,Alice,Andrews,aandrews@zoomzone.com,Trinidad and Tobago,147.69.124.56
174,Gary,Reid,greid@zoombox.net,Barbados,38.34.195.164
175,Elizabeth,Meyer,emeyer@tazz.com,Jamaica,31.56.161.55
176,Bonnie,Nguyen,bnguyen@gabtune.org,Norway,184.101.241.81
177,Joseph,Coleman,jcoleman@quinu.net,El Salvador,64.251.133.118
178,Billy,Stewart,bstewart@jayo.edu,British Virgin Islands,57.4.14.66
179,Jose,Hill,jhill@snaptags.name,Saint Helena,157.14.238.35
180,Anthony,Davis,adavis@browsecat.com,Sao Tome and Principe,207.19.9.241
181,Annie,Sims,asims@flashdog.net,Zimbabwe,55.119.103.200
182,Alice,Mccoy,amccoy@twiyo.org,Myanmar,54.1.47.24
183,Rose,Daniels,rdaniels@blogspan.biz,Cape Verde,105.142.20.118
184,Ann,Wright,awright@realbuzz.edu,Guernsey,216.72.54.143
185,Patrick,Morales,pmorales@agimba.org,Bangladesh,222.192.193.44
186,Sara,Andrews,sandrews@kazu.com,Saudia Arabia,73.166.85.218
187,Arthur,Howard,ahoward@cogidoo.com,Afghanistan,52.181.237.254
188,Nicole,Hernandez,nhernandez@blogspan.biz,Turks and Caicos Islands,130.120.132.38
189,Carolyn,Walker,cwalker@gabtune.org,Saint Martin,57.159.236.192
190,Steven,Hanson,shanson@centidel.edu,Uganda,107.114.148.91
191,Scott,Elliott,selliott@eamia.info,Japan,15.48.226.173
192,Douglas,Murphy,dmurphy@oyondu.org,Brunei Darussalam,24.197.98.243
193,Karen,Willis,kwillis@fadeo.org,Mauritania,33.220.156.191
194,Johnny,Harvey,jharvey@lazz.biz,Tokelau,89.148.82.8
195,Heather,Griffin,hgriffin@fiveclub.name,Vanuatu,198.72.140.57
196,Jane,Pierce,jpierce@mybuzz.edu,Anguilla,60.36.197.196
197,Craig,Hicks,chicks@jayo.net,Nicaragua,35.9.146.184
198,Kathleen,Berry,kberry@avamm.gov,Haiti,233.207.214.33
199,Antonio,Ward,award@quatz.org,Iceland,96.229.17.51
200,Fred,Roberts,froberts@bubbletube.biz,Venezuela,180.99.216.147
201,Martha,Lee,mlee@linkbridge.com,Reunion,100.192.191.45
202,Douglas,Arnold,darnold@skinder.org,Solomon Islands,83.19.54.128
203,Keith,Davis,kdavis@linkbridge.gov,Bosnia and Herzegovina,139.166.14.70
204,Eugene,Day,eday@tazzy.info,Monaco,237.26.218.129
205,Ralph,Carpenter,rcarpenter@browsezoom.gov,Liberia,89.255.125.31
206,Jimmy,Evans,jevans@skajo.gov,Guam,181.14.49.82
207,Ernest,Reynolds,ereynolds@katz.org,Bolivia,148.175.33.160
208,Joshua,Riley,jriley@skaboo.edu,Saint Barthelemy,66.0.247.226
209,Jack,Long,jlong@brightbean.biz,Cameroon,177.70.151.148
210,Lisa,Webb,lwebb@rooxo.gov,Vatican City State (Holy See),203.204.202.213
211,Gerald,Bradley,gbradley@oyoyo.org,Nauru,203.232.221.131
212,Dorothy,Sanders,dsanders@yacero.com,Czech Republic,58.11.205.15
213,Roy,Lopez,rlopez@kwilith.com,Uganda,192.127.170.194
214,Ralph,Perkins,rperkins@edgeify.com,Chile,159.176.230.226
215,Judy,Parker,jparker@yotz.edu,Cocos (Keeling) Island,32.7.53.237
216,Tammy,Freeman,tfreeman@thoughtmix.biz,Cameroon,66.222.221.14
217,Patrick,Hart,phart@thoughtstorm.info,French Polynesia,43.21.164.206
218,Bobby,Hunter,bhunter@gigazoom.biz,Trinidad and Tobago,224.223.203.184
219,Sean,Harvey,sharvey@jabbersphere.biz,Brunei Darussalam,105.159.146.151
220,Betty,Banks,bbanks@plajo.gov,Cyprus,14.21.19.255
221,Kathleen,Harris,kharris@reallinks.org,US Minor Outlying Islands,17.241.10.98
222,Richard,Alvarez,ralvarez@agivu.name,British Virgin Islands,160.137.255.64
223,Sean,West,swest@wikibox.mil,Yemen,226.171.226.229
224,Jennifer,Harvey,jharvey@skiptube.info,Wallis and Futuna Islands,220.246.171.207
225,Kevin,Gomez,kgomez@tagtune.biz,Bosnia and Herzegovina,46.45.236.7
226,Judith,Simpson,jsimpson@voolith.edu,Burkina Faso,180.208.206.202
227,Wanda,Montgomery,wmontgomery@vimbo.com,Guam,14.175.209.245
228,Susan,Lynch,slynch@kayveo.name,Tokelau,19.34.255.208
229,Dennis,Gomez,dgomez@skalith.mil,Italy,199.167.194.114
230,Phillip,Sims,psims@babbleblab.biz,Macau,238.16.106.127
231,Harry,Porter,hporter@voonyx.gov,Saint Helena,198.56.209.139
232,Howard,Cole,hcole@gabvine.gov,Turkey,205.92.103.216
233,Walter,Mcdonald,wmcdonald@aibox.mil,Somalia,9.121.134.178
234,Lois,Martinez,lmartinez@zava.mil,Bolivia,80.135.106.244
235,Judy,Adams,jadams@twitterworks.com,China,253.31.66.200
236,Gary,Russell,grussell@cogidoo.mil,Vietnam,211.249.211.161
237,Louise,Coleman,lcoleman@mynte.name,American Samoa,166.90.161.183
238,Diane,Chapman,dchapman@pixonyx.gov,Nepal,151.57.52.66
239,Rose,Morris,rmorris@centizu.net,Japan,100.139.158.243
240,Ralph,Ford,rford@centidel.info,Spain,197.105.249.4
241,Tina,James,tjames@skyndu.info,Ecuador,193.96.180.160
242,Harry,Warren,hwarren@skidoo.name,Algeria,111.248.1.14
243,Edward,Harper,eharper@vinder.org,Tanzania,15.143.27.250
244,Theresa,Kennedy,tkennedy@gabspot.biz,Yemen,207.101.31.200
245,Pamela,Lopez,plopez@quire.net,French Polynesia,56.127.122.99
246,Dennis,Ortiz,dortiz@izio.net,Denmark,253.79.183.77
247,Mildred,Butler,mbutler@aibox.edu,Sri Lanka,81.170.64.77
248,Kathy,Stanley,kstanley@voomm.edu,Falkland Islands (Malvinas),13.21.178.85
249,Joseph,Roberts,jroberts@tagopia.com,Turkey,126.186.91.181
250,Ashley,Welch,awelch@fatz.gov,Turks and Caicos Islands,47.96.34.160
251,John,Stanley,jstanley@viva.net,Grenada,191.165.100.72
252,Ashley,Burke,aburke@yata.name,Afghanistan,4.136.190.73
253,Diana,Wells,dwells@kayveo.edu,Belgium,182.25.65.170
254,Douglas,Nguyen,dnguyen@abata.biz,Ukraine,55.234.86.116
255,Peter,Sullivan,psullivan@tagpad.info,Myanmar,141.139.73.84
256,Bonnie,Campbell,bcampbell@aivee.edu,USSR,193.91.192.169
257,Barbara,Tucker,btucker@omba.name,Sudan,109.88.203.233
258,Eugene,Watkins,ewatkins@flipbug.info,Costa Rica,194.218.230.146
259,Daniel,Morrison,dmorrison@tazzy.biz,Cuba,103.212.145.254
260,Walter,Stewart,wstewart@topicblab.biz,Italy,219.23.216.72
261,Justin,Stanley,jstanley@shuffletag.mil,Nicaragua,134.125.248.129
262,Justin,Bell,jbell@devpulse.mil,Finland,115.187.161.156
263,Shawn,Garcia,sgarcia@kwinu.name,Palau,90.54.236.239
264,Anthony,Anderson,aanderson@wikibox.biz,Costa Rica,41.161.94.59
265,Robin,Martin,rmartin@zazio.biz,New Caledonia,190.180.199.23
266,Christine,West,cwest@browsetype.net,Saint Barthelemy,236.35.238.242
267,Eric,Young,eyoung@blogxs.gov,Norway,85.203.214.117
268,Diane,Young,dyoung@browsetype.com,Reunion,227.55.208.111
269,Cynthia,Kelly,ckelly@riffpath.org,Barbados,188.190.142.200
270,Matthew,Harper,mharper@photobean.name,Syria,252.77.80.220
271,Harold,Griffin,hgriffin@buzzster.biz,Sudan,89.182.161.252
272,Ruth,Carpenter,rcarpenter@realblab.net,Saint Vincent and the Grenadines,186.119.14.34
273,Karen,Stone,kstone@realbridge.edu,Senegal,205.95.197.250
274,Frank,Murray,fmurray@brightbean.gov,Micronesia,82.206.17.96
275,Kimberly,Baker,kbaker@skinte.edu,Slovenia,17.34.142.247
276,Harry,Banks,hbanks@gevee.name,Paraguay,96.208.216.129
277,Melissa,Scott,mscott@ainyx.net,Germany,98.138.147.224
278,Craig,Simmons,csimmons@photolist.info,Ascension Island,18.166.199.121
279,Billy,Hicks,bhicks@brightdog.com,Mauritius,238.235.214.17
280,Stephen,Lopez,slopez@voolith.mil,Ascension Island,25.216.92.33
281,Chris,Mccoy,cmccoy@gigabox.net,Papua New Guinea,140.76.160.176
282,Stephen,Hansen,shansen@blogpad.name,Saudia Arabia,0.184.181.60
283,Billy,Riley,briley@babbleblab.name,Dominican Republic,131.55.42.81
284,Fred,Morris,fmorris@oyoloo.mil,Zambia,66.33.41.79
285,Matthew,Hernandez,mhernandez@plambee.name,Monaco,246.218.141.80
286,Justin,Patterson,jpatterson@fatz.gov,Syria,221.195.110.207
287,Eugene,Grant,egrant@avavee.gov,Saint Kitts and Nevis,0.149.147.18
288,Dennis,Sanchez,dsanchez@voolia.net,"Korea, South",224.119.69.229
289,Clarence,Ryan,cryan@edgeclub.gov,Armenia,83.192.46.201
290,Jennifer,Peterson,jpeterson@topicware.mil,"Palestinian Territory, Occupied",153.158.16.176
291,Robin,Adams,radams@dabtype.name,Nepal,199.169.63.201
292,Anthony,Franklin,afranklin@quatz.org,Saint Martin,100.241.70.78
293,Stephen,Dixon,sdixon@twitterbeat.net,Tuvalu,245.9.42.90
294,Antonio,Gutierrez,agutierrez@gigashots.com,India,37.47.159.229
295,Jane,Dixon,jdixon@thoughtworks.edu,San Marino,173.165.90.67
296,Sarah,Wheeler,swheeler@voonyx.mil,Mongolia,76.220.152.202
297,Johnny,Williamson,jwilliamson@yamia.com,Italy,1.48.120.9
298,George,Russell,grussell@aimbo.org,Andorra,3.118.7.124
299,Kenneth,Hughes,khughes@thoughtblab.net,Czech Republic,130.194.249.106
300,Barbara,Lee,blee@yodel.gov,Romania,154.103.215.77
301,George,Bryant,gbryant@yodoo.edu,Sri Lanka,143.26.229.82
302,Marilyn,Willis,mwillis@realcube.name,Ethiopia,98.39.237.214
303,Frances,Spencer,fspencer@avamba.biz,Bulgaria,189.50.192.71
304,William,Andrews,wandrews@oyope.info,Gibraltar,98.206.120.84
305,Margaret,Dunn,mdunn@jaxbean.biz,Japan,192.81.205.203
306,Joe,Richardson,jrichardson@photobug.info,Montserrat,114.188.221.131
307,Tina,Coleman,tcoleman@zoonder.mil,Laos,34.224.20.83
308,Aaron,Porter,aporter@livepath.org,Malaysia,175.43.214.16
309,Jacqueline,Sullivan,jsullivan@katz.edu,Ecuador,6.158.126.181
310,Lois,Peterson,lpeterson@shuffletag.info,Benin,117.150.228.87
311,Dennis,Wilson,dwilson@yambee.edu,Iran,146.129.92.144
312,Louis,Pierce,lpierce@babbleopia.com,Colombia,53.19.137.241
313,Cheryl,Little,clittle@browsedrive.org,Myanmar,183.12.100.206
314,Joyce,Evans,jevans@brainverse.edu,Jamaica,216.82.75.130
315,Juan,Ross,jross@zoonoodle.name,Botswana,222.175.178.64
316,Gary,Diaz,gdiaz@dabjam.com,Russia,212.110.151.210
317,Daniel,Diaz,ddiaz@yotz.info,Zambia,43.97.44.155
318,Steven,Ross,sross@youspan.biz,Andorra,83.120.243.29
319,Robin,Hayes,rhayes@wikizz.net,Belarus,22.41.252.242
320,Harold,Powell,hpowell@jaxbean.info,Niger,112.100.224.195
321,Phillip,Banks,pbanks@buzzster.net,Isle of Man,227.90.219.154
322,Phillip,Harris,pharris@divavu.edu,Turkey,252.63.59.23
323,Catherine,Phillips,cphillips@thoughtstorm.mil,Saint Martin,97.11.30.191
324,Wanda,Hayes,whayes@flipstorm.info,Bangladesh,207.142.4.0
325,George,Hunter,ghunter@fliptune.mil,Liechtenstein,190.246.197.179
326,Joan,Jacobs,jjacobs@ailane.edu,Denmark,64.61.139.103
327,Charles,Watson,cwatson@yacero.gov,Finland,123.213.76.115
328,Elizabeth,Richards,erichards@demizz.com,Antigua and Barbuda,226.76.229.120
329,Roger,Larson,rlarson@myworks.edu,Sierra Leone,58.65.49.77
330,Michelle,Fisher,mfisher@rhybox.edu,Zimbabwe,46.88.88.132
331,Jimmy,Larson,jlarson@chatterbridge.gov,Saudia Arabia,254.79.33.116
332,Lois,Smith,lsmith@eadel.edu,Monaco,102.150.152.115
333,Philip,Hayes,phayes@youfeed.net,Estonia,168.66.183.10
334,Juan,Murphy,jmurphy@meevee.com,Belgium,198.46.145.223
335,Gregory,Cooper,gcooper@feedfish.name,Malta,240.102.192.25
336,Lois,Carroll,lcarroll@dynava.org,Belgium,204.252.37.242
337,Bobby,Jones,bjones@voomm.name,Andorra,226.3.120.108
338,Dennis,Cunningham,dcunningham@rooxo.net,Cook Islands,128.208.69.205
339,Helen,White,hwhite@realfire.net,Madagascar,232.150.245.221
340,Antonio,Russell,arussell@quinu.biz,Chile,113.167.111.20
341,Arthur,Morgan,amorgan@eimbee.edu,Mongolia,247.72.192.210
342,Joe,Jones,jjones@plambee.mil,Jamaica,187.253.171.122
343,Martin,Banks,mbanks@oloo.org,Angola,9.92.58.133
344,Frances,Johnston,fjohnston@flipstorm.org,Czech Republic,115.120.13.62
345,Ryan,Fowler,rfowler@tazz.net,Gibraltar,125.234.124.159
346,Terry,Wood,twood@lazzy.gov,Anguilla,50.135.15.18
347,Ronald,Boyd,rboyd@oba.edu,Kuwait,199.190.108.63
348,Donald,Medina,dmedina@kimia.org,Western Sahara,182.207.226.160
349,Justin,Dean,jdean@topicblab.mil,Vatican City State (Holy See),179.229.32.244
350,Nicholas,Ruiz,nruiz@trupe.name,Central African Republic,185.1.181.38
351,Bobby,Willis,bwillis@tazz.com,Tunisia,3.248.75.27
352,Anne,Fowler,afowler@wikibox.net,Jamaica,160.148.20.99
353,Daniel,Perry,dperry@mydeo.com,Antigua and Barbuda,84.196.79.138
354,Thomas,Peters,tpeters@abatz.com,Qatar,165.216.61.79
355,Joseph,Bowman,jbowman@kazu.name,Macau,231.249.2.75
356,Wayne,Fowler,wfowler@edgeclub.edu,Paraguay,10.57.201.243
357,Wanda,Perry,wperry@quinu.com,Cote d'Ivoire,221.141.132.119
358,Johnny,West,jwest@izio.name,United Arab Emirates,233.65.252.69
359,Edward,Lewis,elewis@skyba.net,Spain,121.90.115.151
360,Antonio,Hill,ahill@dabshots.mil,Saint Helena,34.139.77.163
361,Adam,Lawson,alawson@kazu.name,Syria,92.247.167.221
362,Marie,Rose,mrose@roombo.info,Saint Pierre and Miquelon,150.209.44.37
363,Beverly,Turner,bturner@fliptune.biz,Puerto Rico,225.6.194.70
364,Antonio,Parker,aparker@skyba.info,India,70.91.180.35
365,Bonnie,Carr,bcarr@flipopia.edu,Isle of Man,93.87.40.2
366,Stephen,Garza,sgarza@fliptune.net,Åland,132.133.117.131
367,Samuel,Cole,scole@jatri.biz,Antigua and Barbuda,190.178.124.181
368,Martha,Hughes,mhughes@skyvu.name,Bulgaria,131.16.6.5
369,Kelly,Ryan,kryan@quamba.net,Sao Tome and Principe,84.175.191.162
370,Patrick,Oliver,poliver@oyondu.name,Rwanda,202.240.205.127
371,Adam,Duncan,aduncan@bubblemix.com,Burkina Faso,121.241.227.3
372,Emily,Green,egreen@mycat.info,Bouvet Island,158.88.177.7
373,Kathleen,George,kgeorge@demivee.biz,Guernsey,148.149.38.185
374,Christina,Watkins,cwatkins@eadel.net,Solomon Islands,58.236.212.212
375,Phillip,Coleman,pcoleman@gigabox.edu,Colombia,2.83.112.111
376,Ralph,Hernandez,rhernandez@rhyloo.net,Martinique,88.195.218.237
377,Jimmy,Long,jlong@linktype.net,Cayman Islands,176.180.212.52
378,Richard,Ryan,rryan@midel.info,Argentina,145.229.139.186
379,Alice,Allen,aallen@flashdog.org,Uzbekistan,165.158.46.101
380,Jean,Duncan,jduncan@einti.biz,Uzbekistan,64.75.28.227
381,Donald,Burke,dburke@skidoo.mil,"Congo, Republic of",45.61.137.171
382,Philip,Jackson,pjackson@skilith.net,Brunei Darussalam,223.148.243.107
383,Marie,Fisher,mfisher@zava.com,Faroe Islands,155.255.103.218
384,Carlos,Williams,cwilliams@jayo.name,Trinidad and Tobago,198.235.105.251
385,Arthur,Hawkins,ahawkins@tagopia.info,Cambodia,186.33.80.172
386,Lillian,Gonzalez,lgonzalez@rooxo.mil,Senegal,22.129.106.48
387,Michelle,Ellis,mellis@tagopia.org,Armenia,70.166.143.144
388,William,Harvey,wharvey@skibox.net,Brazil,204.11.44.100
389,Ann,Davis,adavis@jatri.gov,Chile,25.149.251.215
390,Judy,Peterson,jpeterson@realcube.com,Bahrain,23.175.193.8
391,Louis,Payne,lpayne@divape.info,Maldives,17.172.148.12
392,Pamela,Hamilton,phamilton@eamia.net,Burundi,15.79.213.252
393,Benjamin,Black,bblack@nlounge.org,Slovenia,71.255.162.1
394,Anna,Rice,arice@photospace.org,Tanzania,78.11.189.93
395,Carlos,Sims,csims@gabcube.net,Benin,9.196.167.10
396,Cheryl,Mitchell,cmitchell@wikido.name,Nicaragua,99.58.100.135
397,Kathleen,Stevens,kstevens@ozu.org,Aruba,255.182.173.97
398,Harold,Freeman,hfreeman@livetube.info,Samoa,3.159.42.103
399,Michelle,Wagner,mwagner@lajo.org,Estonia,40.154.123.135
400,Douglas,Johnston,djohnston@thoughtbeat.biz,Slovakia,179.244.131.54
401,Terry,Jenkins,tjenkins@babbleopia.info,Brazil,115.225.145.131
402,Thomas,Allen,tallen@skipfire.net,Guyana,118.223.171.129
403,Alice,Fowler,afowler@fanoodle.mil,Sweden,142.146.176.84
404,Jerry,Tucker,jtucker@jabbersphere.gov,Austria,112.204.16.117
405,Sarah,Armstrong,sarmstrong@pixonyx.edu,Suriname,190.79.79.70
406,Teresa,Walker,twalker@agimba.com,Niue,103.255.16.5
407,Teresa,Miller,tmiller@dynazzy.biz,Saint Barthelemy,12.184.232.45
408,Clarence,Lewis,clewis@meevee.edu,Austria,198.137.254.177
409,Mark,Reid,mreid@trudoo.mil,Moldova,170.63.187.143
410,Peter,Gutierrez,pgutierrez@wordpedia.info,China,46.233.127.141
411,Johnny,Graham,jgraham@tagfeed.mil,United Arab Emirates,171.210.96.110
412,Maria,Ramos,mramos@zava.org,Mozambique,58.216.34.129
413,Louis,Howell,lhowell@trudeo.edu,Myanmar,32.28.10.167
414,Ralph,Ramirez,rramirez@rhynyx.mil,Belgium,236.116.21.33
415,Jimmy,Parker,jparker@photobug.info,Turkmenistan,226.118.202.220
416,Judy,Perkins,jperkins@dynazzy.biz,Chad,79.109.195.68
417,Jeremy,Mitchell,jmitchell@skinte.name,Panama,12.100.138.35
418,Adam,Boyd,aboyd@oyope.org,Belize,209.36.171.101
419,Tammy,Hansen,thansen@photobug.edu,Niue,94.69.251.39
420,Gloria,Sims,gsims@kare.com,Isle of Man,49.95.165.117
421,Nicole,Smith,nsmith@rhyloo.edu,Uzbekistan,255.255.17.210
422,Mark,Wood,mwood@vinte.edu,Serbia,253.166.159.160
423,Andrea,Baker,abaker@riffpath.name,Moldova,169.236.131.199
424,Marie,Garrett,mgarrett@gigaclub.name,Ascension Island,85.90.105.236
425,Andrew,Mason,amason@jayo.gov,Armenia,155.194.124.73
426,Judy,Martin,jmartin@realbridge.name,Nigeria,153.211.91.175
427,Howard,Wilson,hwilson@livefish.net,Heard and McDonald Islands,13.77.192.92
428,Jonathan,Moreno,jmoreno@ailane.edu,Vanuatu,217.111.138.79
429,Susan,Gilbert,sgilbert@plajo.gov,Aruba,197.231.205.13
430,Annie,Mcdonald,amcdonald@avamm.mil,Cuba,15.17.73.138
431,Mary,Dean,mdean@wikizz.gov,Kyrgyzstan,15.186.137.194
432,Christopher,Frazier,cfrazier@omba.mil,French Polynesia,167.208.39.73
433,Billy,Flores,bflores@mudo.com,Panama,59.183.46.151
434,Lois,Sanchez,lsanchez@livefish.info,Sierra Leone,238.57.2.251
435,Robert,Porter,rporter@blognation.gov,Switzerland,148.96.2.137
436,Shirley,Elliott,selliott@realcube.org,Morocco,118.164.54.42
437,Robert,White,rwhite@twitternation.biz,Belgium,222.116.145.221
438,Terry,Russell,trussell@jabbersphere.mil,Hong Kong,203.96.176.133
439,Matthew,Ward,mward@jayo.biz,Chad,90.16.233.182
440,Paula,Ferguson,pferguson@cogibox.com,Croatia,35.152.60.242
441,Edward,Pierce,epierce@photojam.net,Austria,23.194.40.214
442,Margaret,Austin,maustin@tanoodle.com,Anguilla,208.124.222.115
443,Russell,Day,rday@abatz.biz,Macau,232.225.156.222
444,Deborah,Hayes,dhayes@bubbletube.name,Cyprus,55.80.167.189
445,Alice,Morrison,amorrison@twiyo.org,Afghanistan,109.81.159.98
446,Peter,Gutierrez,pgutierrez@centidel.info,Venezuela,41.160.242.164
447,Maria,Richardson,mrichardson@thoughtbridge.info,Timor-Leste,197.171.100.107
448,Thomas,Moore,tmoore@voolia.gov,Azerbaijan,237.58.238.176
449,Benjamin,Richards,brichards@linkbridge.name,Guatemala,238.31.203.191
450,Ashley,Diaz,adiaz@midel.name,Namibia,99.0.111.39
451,Carolyn,Wells,cwells@voonix.com,Antigua and Barbuda,76.226.237.130
452,Antonio,Harper,aharper@oozz.net,Svalbard and Jan Mayen Islands,178.148.222.27
453,Raymond,Marshall,rmarshall@topicware.name,Austria,255.93.220.64
454,George,Castillo,gcastillo@skynoodle.com,Ukraine,149.143.111.196
455,Wayne,Davis,wdavis@katz.com,Yugoslavia,228.251.233.195
456,Juan,Dixon,jdixon@twitterbeat.mil,Kiribati,66.202.218.205
457,Frances,Simpson,fsimpson@abatz.org,Netherlands,70.137.125.7
458,Rachel,Rice,rrice@rhynoodle.com,Åland,227.184.169.206
459,Frances,Hall,fhall@skajo.com,Mali,6.242.221.56
460,Douglas,Wright,dwright@photobug.gov,Cook Islands,7.8.229.195
461,Eric,Wright,ewright@yodel.mil,Mongolia,170.225.12.20
462,Larry,Montgomery,lmontgomery@avaveo.net,Japan,123.196.235.57
463,Victor,Hanson,vhanson@brainbox.name,Maldives,12.231.173.63
464,Billy,Larson,blarson@katz.com,Grenada,62.235.245.120
465,Diane,James,djames@viva.info,Saint Vincent and the Grenadines,243.112.27.215
466,Joshua,Moreno,jmoreno@edgetag.com,Japan,155.54.98.220
467,Karen,Lee,klee@kamba.org,Wallis and Futuna Islands,59.206.116.108
468,Gary,Griffin,ggriffin@tagcat.com,Somalia,213.24.119.80
469,Sharon,Ramirez,sramirez@zoombeat.info,Macedonia,186.215.137.27
470,Martin,Meyer,mmeyer@kare.biz,Kazakhstan,8.235.89.97
471,Lori,Kim,lkim@agimba.org,Indonesia,207.90.114.160
472,Jack,Fuller,jfuller@flashdog.edu,Tokelau,118.93.81.60
473,Jason,Moore,jmoore@cogilith.mil,Comoros,186.79.13.65
474,Gary,Alexander,galexander@zoomzone.org,Grenada,199.82.110.82
475,Jimmy,Davis,jdavis@skyba.biz,Kiribati,40.236.56.133
476,Raymond,Roberts,rroberts@yoveo.gov,Afghanistan,64.16.220.17
477,Deborah,Owens,dowens@aimbo.info,Trinidad and Tobago,83.170.89.105
478,Wayne,Snyder,wsnyder@wikizz.biz,Georgia,146.205.188.34
479,Nicholas,Jackson,njackson@blogpad.info,France,247.163.58.169
480,Dennis,Ryan,dryan@jatri.net,Norway,17.175.39.63
481,Patricia,Jenkins,pjenkins@jabbersphere.info,Pakistan,78.123.20.57
482,Jesse,Dean,jdean@tagtune.com,Martinique,91.198.163.10
483,Elizabeth,Stephens,estephens@divavu.biz,Faroe Islands,198.112.64.241
484,Alan,Davis,adavis@yadel.net,Costa Rica,73.212.140.47
485,Bruce,Taylor,btaylor@browsecat.gov,Kenya,169.229.42.153
486,Frances,Smith,fsmith@linkbridge.biz,Saint Pierre and Miquelon,209.244.74.228
487,Gary,Edwards,gedwards@buzzbean.mil,Heard and McDonald Islands,201.69.24.203
488,Amanda,Evans,aevans@gigaclub.name,Saint Lucia,19.3.97.156
489,Harold,Hall,hhall@jabbercube.gov,Åland,61.178.39.206
490,Daniel,Hawkins,dhawkins@jabberbean.info,Pitcairn Island,37.243.251.221
491,Laura,Sanchez,lsanchez@livetube.edu,French Guiana,232.246.226.16
492,Peter,Rice,price@jaxbean.info,Costa Rica,222.12.199.50
493,Amy,Boyd,aboyd@eire.biz,Antigua and Barbuda,214.121.7.64
494,Denise,Shaw,dshaw@wikibox.org,Czech Republic,58.246.39.215
495,Paul,Kennedy,pkennedy@dabtype.org,Falkland Islands (Malvinas),233.30.19.123
496,Julie,Jacobs,jjacobs@demivee.biz,Åland,33.65.125.129
497,Patricia,Davis,pdavis@gigashots.info,Turkmenistan,11.166.120.23
498,Beverly,Robertson,brobertson@yozio.org,French Guiana,144.12.120.186
499,Helen,Watson,hwatson@tagpad.net,Bangladesh,195.229.234.37
500,Frances,Elliott,felliott@thoughtmix.info,Poland,147.160.26.134
501,Maria,Evans,mevans@youspan.gov,Norfolk Island,38.71.77.56
502,Christine,Sanders,csanders@trupe.biz,South Africa,8.85.255.183
503,Virginia,Jordan,vjordan@rhynoodle.mil,Saudia Arabia,118.178.4.12
504,Jeremy,Harris,jharris@tazzy.com,Guadeloupe,54.81.245.16
505,Cheryl,Fuller,cfuller@layo.edu,Ascension Island,120.6.149.250
506,Stephen,Garrett,sgarrett@quamba.edu,Bhutan,120.236.253.21
507,Louise,Little,llittle@gabspot.info,Estonia,217.72.118.64
508,Carolyn,Larson,clarson@bubbletube.com,Macau,157.184.108.218
509,Nicole,Ross,nross@pixonyx.net,Isle of Man,247.102.108.143
510,Ann,Elliott,aelliott@meevee.mil,Jamaica,26.252.204.230
511,Deborah,Taylor,dtaylor@bluezoom.mil,Tunisia,243.234.199.235
512,Christopher,Spencer,cspencer@vinder.biz,Argentina,58.114.199.238
513,Alice,Roberts,aroberts@jaxworks.com,Jamaica,152.103.217.239
514,Ruth,Collins,rcollins@meetz.biz,Montserrat,245.3.235.216
515,Howard,Tucker,htucker@skidoo.name,Yemen,52.176.234.33
516,Shirley,Allen,sallen@yodoo.mil,Germany,128.148.58.34
517,Lois,Carter,lcarter@edgetag.mil,Bolivia,37.201.28.54
518,Harold,Perry,hperry@dabz.gov,Israel,227.168.129.186
519,Roy,Wallace,rwallace@jazzy.info,Finland,214.1.62.239
520,Carlos,Jenkins,cjenkins@edgewire.name,Azerbaijan,194.92.63.254
521,Jane,Long,jlong@realbuzz.mil,Maldives,156.6.192.202
522,Judy,Henry,jhenry@dabz.gov,Spain,190.119.205.13
523,Irene,Greene,igreene@avavee.name,Cook Islands,212.16.69.112
524,Roger,Jacobs,rjacobs@yotz.org,Belarus,250.140.253.114
525,Betty,Mendoza,bmendoza@oba.biz,Colombia,44.173.106.226
526,Heather,Woods,hwoods@eire.edu,Panama,218.237.76.235
527,Donald,Harper,dharper@oyoloo.name,Yemen,195.168.60.229
528,Tina,Meyer,tmeyer@yozio.name,New Zealand,75.2.138.113
529,Amanda,Garcia,agarcia@thoughtblab.net,United Arab Emirates,198.123.127.240
530,Sandra,Dean,sdean@topicware.com,Moldova,120.238.252.243
531,Donna,Hughes,dhughes@myworks.biz,Spain,122.163.236.195
532,Martin,Watson,mwatson@gabtype.biz,Russia,109.101.204.237
533,Earl,Ellis,eellis@realbridge.name,British Virgin Islands,166.223.62.180
534,Kimberly,Mason,kmason@youopia.biz,Anguilla,219.80.217.206
535,Nicholas,Moore,nmoore@quaxo.net,South Africa,196.84.44.217
536,Irene,Brown,ibrown@katz.biz,Hong Kong,253.167.116.37
537,Donna,Hill,dhill@voonix.biz,Ecuador,216.90.8.208
538,Nicholas,Little,nlittle@topicshots.gov,Tajikistan,65.164.112.132
539,Gary,Fisher,gfisher@yotz.mil,Madagascar,137.210.137.72
540,Ruby,Robinson,rrobinson@meemm.mil,French Southern Territories,208.118.155.191
541,Kimberly,Willis,kwillis@izio.info,Iran,197.213.141.89
542,Bobby,Olson,bolson@tavu.com,New Caledonia,67.250.242.131
543,Karen,Myers,kmyers@bluejam.gov,Burundi,52.5.132.187
544,Peter,Baker,pbaker@wordtune.name,"Korea, North",41.212.64.242
545,Tammy,Butler,tbutler@browsezoom.org,Guatemala,191.13.242.63
546,Jessica,Jones,jjones@yoveo.org,Gambia,38.12.48.86
547,Frank,Henderson,fhenderson@trudoo.com,Lesotho,14.127.43.120
548,Mark,Parker,mparker@zoomdog.org,Oman,144.98.134.123
549,Brandon,Hicks,bhicks@demivee.com,Cambodia,125.188.209.28
550,George,Butler,gbutler@realcube.gov,Micronesia,113.96.6.25
551,Martin,Carroll,mcarroll@jaxworks.net,Djibouti,61.14.116.214
552,Nicholas,Harper,nharper@youfeed.gov,Guam,143.99.89.120
553,Juan,Martinez,jmartinez@demimbu.gov,Kiribati,141.208.100.58
554,David,Williams,dwilliams@innoz.edu,Ascension Island,40.70.84.135
555,Julie,Gutierrez,jgutierrez@voomm.edu,Spain,222.175.214.76
556,Tina,Elliott,telliott@chatterbridge.gov,British Indian Ocean Territory,178.85.25.248
557,Chris,Perry,cperry@thoughtstorm.gov,"Congo, Democratic Republic of",178.228.160.183
558,Ryan,Andrews,randrews@babbleblab.com,Burundi,104.229.34.59
559,Craig,Spencer,cspencer@fadeo.gov,Portugal,167.138.255.163
560,Larry,Alexander,lalexander@skyba.com,Uzbekistan,102.248.100.205
561,Randy,Ward,rward@wikizz.mil,Cuba,141.23.127.207
562,James,Little,jlittle@brainsphere.name,Malta,247.63.182.137
563,Walter,Snyder,wsnyder@camimbo.org,Uganda,141.45.29.26
564,Sara,Daniels,sdaniels@feednation.info,Vanuatu,88.46.157.37
565,Anne,Owens,aowens@yacero.info,Tunisia,137.129.240.154
566,Denise,Nelson,dnelson@voomm.org,Singapore,156.16.101.74
567,Annie,Mitchell,amitchell@jamia.name,Heard and McDonald Islands,135.147.104.5
568,Anna,Stevens,astevens@edgewire.name,British Virgin Islands,47.217.164.183
569,Thomas,Taylor,ttaylor@quaxo.com,Singapore,108.250.155.149
570,Henry,Simpson,hsimpson@devpulse.org,United States Virgin Islands,20.32.122.131
571,Denise,Simmons,dsimmons@edgetag.info,Saint Barthelemy,244.171.121.160
572,Robin,Watkins,rwatkins@kwinu.net,"Korea, South",55.205.242.5
573,Dorothy,Cunningham,dcunningham@katz.name,Dominican Republic,168.12.158.199
574,Russell,Ferguson,rferguson@meevee.mil,Egypt,18.1.127.249
575,Jacqueline,Hall,jhall@browsezoom.edu,US Minor Outlying Islands,198.100.94.24
576,Brandon,Fowler,bfowler@twiyo.net,Kenya,105.69.15.58
577,Carl,Wagner,cwagner@layo.gov,Ethiopia,86.213.73.209
578,Linda,Wood,lwood@jatri.net,Benin,108.24.189.68
579,Norma,Hunter,nhunter@lajo.info,Lebanon,128.197.79.56
580,Sharon,Hawkins,shawkins@voonder.net,US Minor Outlying Islands,175.83.115.115
581,Amanda,Perkins,aperkins@jaxnation.name,Mexico,189.224.84.7
582,Donna,Edwards,dedwards@brightbean.com,Trinidad and Tobago,86.251.50.178
583,Justin,Powell,jpowell@eare.info,Ethiopia,113.119.110.184
584,Harry,Washington,hwashington@fadeo.edu,Norway,141.75.110.124
585,Lawrence,Nguyen,lnguyen@blognation.edu,Uruguay,109.72.94.238
586,Craig,Alexander,calexander@twitternation.name,Japan,229.89.108.144
587,Andrew,Fernandez,afernandez@devbug.gov,"Palestinian Territory, Occupied",131.146.87.29
588,Alice,Johnston,ajohnston@dablist.name,Iran,125.9.78.59
589,Howard,Thomas,hthomas@eadel.info,Saint Martin,139.159.62.135
590,Frank,Hunter,fhunter@devcast.gov,Mozambique,233.132.42.71
591,Frank,Harris,fharris@jatri.net,Pitcairn Island,6.125.212.195
592,Cynthia,Garcia,cgarcia@kayveo.mil,Jordan,150.193.206.79
593,Arthur,James,ajames@geba.name,Montserrat,23.140.77.219
594,Henry,Hernandez,hhernandez@browsetype.org,Jersey,6.93.197.97
595,Teresa,Martin,tmartin@bubblebox.org,Solomon Islands,116.223.215.226
596,Christine,Andrews,candrews@omba.net,Canada,179.241.201.33
597,Patricia,Gardner,pgardner@einti.name,Angola,106.156.255.152
598,Teresa,Reid,treid@midel.biz,Belize,130.199.125.11
599,Jeremy,Roberts,jroberts@brightdog.com,Kyrgyzstan,167.18.43.227
600,Lois,Hall,lhall@chatterbridge.biz,Tanzania,182.163.0.153
601,Joseph,Owens,jowens@camimbo.com,Mauritania,2.23.24.142
602,Lillian,Moreno,lmoreno@trunyx.edu,Israel,38.164.244.119
603,Paul,Cooper,pcooper@twinder.mil,Bosnia and Herzegovina,40.71.199.118
604,Andrew,Bailey,abailey@trudeo.org,Greece,54.133.52.182
605,Ernest,Sullivan,esullivan@oyondu.edu,Algeria,116.135.140.227
606,Clarence,Freeman,cfreeman@photobug.biz,Faroe Islands,74.204.11.51
607,Rebecca,Nelson,rnelson@realcube.gov,Romania,169.60.213.16
608,Kimberly,Banks,kbanks@divavu.net,Norway,0.248.143.214
609,Brian,Robinson,brobinson@teklist.mil,Czech Republic,46.164.229.250
610,Ralph,Ray,rray@buzzbean.net,India,216.153.176.171
611,Carl,Jones,cjones@dynabox.com,Fiji,223.53.143.206
612,Jack,Watkins,jwatkins@mybuzz.net,Madagascar,91.8.78.126
613,Thomas,Sanders,tsanders@thoughtworks.edu,Tunisia,118.57.217.127
614,Carol,Berry,cberry@brainfire.mil,Austria,248.15.147.248
615,Michael,Hansen,mhansen@babbleset.gov,Israel,99.182.255.215
616,Johnny,Kelly,jkelly@muxo.edu,Cyprus,104.158.48.70
617,Robin,Castillo,rcastillo@skyble.mil,Saint Kitts and Nevis,209.37.13.240
618,Dorothy,Ramos,dramos@edgetag.gov,Maldives,73.94.47.112
619,Chris,Hayes,chayes@edgeclub.com,Malaysia,231.132.148.161
620,Ruby,Sanchez,rsanchez@edgeclub.gov,Djibouti,125.101.87.86
621,Marie,Carr,mcarr@topiczoom.biz,Fiji,210.112.154.233
622,Norma,Stephens,nstephens@bluezoom.com,French Guiana,64.236.185.224
623,Rose,Bradley,rbradley@skilith.biz,Cote d'Ivoire,178.67.69.119
624,Eric,Garza,egarza@flipopia.com,Heard and McDonald Islands,174.226.119.72
625,Wayne,Watson,wwatson@gigabox.org,Switzerland,198.12.78.48
626,Teresa,Hamilton,thamilton@mydeo.org,Bosnia and Herzegovina,133.237.19.72
627,Diane,Phillips,dphillips@mycat.edu,Monaco,236.171.125.97
628,Elizabeth,Richardson,erichardson@divape.edu,Tuvalu,144.96.175.111
629,Earl,Stanley,estanley@rhynoodle.edu,Samoa,195.230.216.91
630,Amy,Jackson,ajackson@trupe.name,Nepal,80.251.183.109
631,Todd,Burton,tburton@roodel.info,Austria,3.188.130.50
632,Laura,Franklin,lfranklin@bluejam.biz,Cayman Islands,46.180.191.211
633,Roger,Berry,rberry@youspan.name,Monaco,215.120.219.187
634,Laura,Ross,lross@jabbersphere.mil,Moldova,229.45.10.181
635,Frank,Mills,fmills@geba.net,Luxembourg,81.95.71.207
636,Carol,Burns,cburns@skibox.gov,China,8.67.102.23
637,Jeffrey,Arnold,jarnold@zoomdog.mil,Pitcairn Island,205.1.45.31
638,Shirley,Sanders,ssanders@voolia.gov,Montenegro,220.5.48.246
639,Mary,Hernandez,mhernandez@tekfly.name,Oman,64.196.42.204
640,Jack,Fisher,jfisher@kaymbo.edu,Guyana,240.159.206.184
641,Kathy,Boyd,kboyd@skalith.org,Cayman Islands,185.104.57.116
642,Ann,Scott,ascott@dablist.info,Sudan,23.164.30.211
643,Patricia,Austin,paustin@eabox.net,Niger,188.226.204.235
644,Helen,Bishop,hbishop@rhybox.edu,Georgia,127.67.60.84
645,Paul,Harper,pharper@twitterworks.com,Burundi,238.68.213.118
646,Jane,Fields,jfields@topiczoom.name,Singapore,222.107.59.169
647,Eugene,Bennett,ebennett@meeveo.biz,Kiribati,226.26.130.245
648,Adam,Robertson,arobertson@trilia.biz,Syria,200.142.26.50
649,Wanda,Medina,wmedina@flipbug.name,Slovakia,58.215.85.16
650,Ronald,Griffin,rgriffin@lazzy.gov,Tajikistan,249.177.16.196
651,Linda,Fernandez,lfernandez@aibox.org,Slovenia,2.201.255.212
652,Margaret,Gilbert,mgilbert@livetube.net,Antarctica,155.95.176.252
653,Johnny,Perry,jperry@yozio.biz,"Congo, Democratic Republic of",82.128.197.3
654,Jack,Rice,jrice@photobug.net,Netherlands Antilles,52.72.185.47
655,Anna,Garrett,agarrett@voolith.com,Montserrat,163.122.213.106
656,Karen,Cox,kcox@gabspot.edu,Åland,234.251.205.80
657,Margaret,Meyer,mmeyer@meembee.org,Panama,92.162.72.228
658,Cheryl,Gomez,cgomez@jabbersphere.com,Senegal,188.72.190.30
659,Patrick,Simpson,psimpson@edgetag.mil,United States Virgin Islands,196.219.246.71
660,Jack,Watkins,jwatkins@skyba.mil,Singapore,161.104.146.181
661,Chris,Hart,chart@abatz.net,New Caledonia,87.19.3.200
662,Clarence,Richards,crichards@mydeo.gov,Liechtenstein,236.210.164.133
663,Jacqueline,Jacobs,jjacobs@flipbug.info,Jersey,100.167.181.98
664,Steven,Myers,smyers@devcast.name,Uzbekistan,127.180.225.189
665,Sandra,Anderson,sanderson@devify.com,Costa Rica,187.202.75.106
666,Joshua,Harrison,jharrison@flashpoint.name,Hungary,116.156.115.155
667,Janice,Payne,jpayne@blognation.mil,Oman,175.47.143.120
668,Wayne,Burke,wburke@dabjam.name,United States of America,102.181.25.9
669,Denise,Henderson,dhenderson@topiclounge.info,Myanmar,107.94.117.129
670,Phyllis,Stone,pstone@eadel.biz,Ukraine,220.147.3.129
671,Rose,Stanley,rstanley@chatterbridge.info,Russia,107.243.40.245
672,Walter,Green,wgreen@skinte.info,Spain,114.48.248.166
673,Helen,Freeman,hfreeman@flipstorm.info,Costa Rica,101.80.232.20
674,Cynthia,Montgomery,cmontgomery@yodel.name,Philippines,7.152.180.79
675,Paula,Perkins,pperkins@photobug.org,Ecuador,113.232.44.199
676,Marilyn,Armstrong,marmstrong@roombo.biz,Morocco,64.16.5.190
677,Keith,Stone,kstone@ntags.info,Sweden,188.43.27.95
678,Carol,Lane,clane@flashset.org,Zimbabwe,237.154.66.109
679,Willie,Hart,whart@kwilith.edu,Iraq,102.105.247.253
680,Kevin,Palmer,kpalmer@realcube.info,Uruguay,192.65.209.73
681,Marie,Hansen,mhansen@einti.biz,Australia,199.180.150.117
682,Beverly,Ellis,bellis@bluezoom.info,Brazil,229.147.76.119
683,Jesse,Gutierrez,jgutierrez@shuffledrive.org,Japan,37.6.74.238
684,Terry,Ross,tross@oyoba.info,Central African Republic,32.197.13.252
685,Marilyn,Wheeler,mwheeler@oyoba.com,South Georgia and the South Sandwich Islands,135.102.251.236
686,Christine,Fowler,cfowler@leenti.org,Ecuador,96.34.97.185
687,Mary,Wells,mwells@realcube.mil,Jersey,196.56.139.191
688,Karen,Kelly,kkelly@yotz.net,Slovakia,4.92.153.224
689,Benjamin,Peters,bpeters@geba.edu,Morocco,180.27.118.235
690,Sean,Peterson,speterson@twitterlist.name,Guadeloupe,229.0.12.11
691,Nicholas,Rogers,nrogers@bluezoom.com,United States Virgin Islands,157.95.119.26
692,Robin,Baker,rbaker@dynava.org,Aruba,83.105.49.62
693,Pamela,Harris,pharris@tagopia.mil,Philippines,228.234.168.91
694,Johnny,Austin,jaustin@flipstorm.gov,Norfolk Island,221.102.17.150
695,Robert,Hart,rhart@realblab.edu,Algeria,234.101.202.162
696,James,Gonzalez,jgonzalez@fivechat.biz,China,133.90.159.238
697,Diane,Pierce,dpierce@linkbridge.org,Nepal,16.92.111.240
698,Adam,Evans,aevans@avamba.net,Kyrgyzstan,21.202.151.167
699,Carol,Freeman,cfreeman@babblestorm.gov,Angola,67.36.3.104
700,Eugene,Bailey,ebailey@brainsphere.com,Brunei Darussalam,231.198.80.21
701,Margaret,Allen,mallen@dabshots.org,Gambia,57.72.169.0
702,Wanda,Turner,wturner@voonte.edu,Mauritius,145.247.148.228
703,Fred,King,fking@realcube.biz,Venezuela,73.150.228.0
704,Johnny,Fisher,jfisher@realmix.net,Armenia,223.19.81.247
705,Denise,Fields,dfields@thoughtworks.net,Bouvet Island,51.151.82.10
706,Ruby,Perkins,rperkins@linkbuzz.edu,Serbia,210.58.2.0
707,Timothy,Walker,twalker@aivee.name,Armenia,113.131.189.82
708,Irene,Coleman,icoleman@yodoo.gov,Micronesia,227.86.103.48
709,Larry,Wallace,lwallace@riffwire.com,China,164.176.54.79
710,Jane,Jones,jjones@babbleblab.biz,Uruguay,76.100.185.85
711,Patrick,Gonzalez,pgonzalez@latz.biz,New Caledonia,234.101.151.190
712,Barbara,Fox,bfox@meetz.name,"Korea, South",186.0.252.92
713,Joshua,White,jwhite@shufflester.mil,Switzerland,200.6.141.24
714,Lois,James,ljames@gabvine.net,Sao Tome and Principe,235.252.77.153
715,Diana,Hicks,dhicks@innotype.net,Western Sahara,188.217.212.171
716,Judith,Stone,jstone@shuffletag.com,Åland,28.127.232.222
717,Sara,Reid,sreid@layo.gov,Anguilla,202.19.221.113
718,Jose,Martinez,jmartinez@mymm.com,Greece,160.15.122.7
719,Ralph,Myers,rmyers@gabtype.edu,Cote d'Ivoire,191.132.55.213
720,Louise,Fuller,lfuller@kanoodle.name,Malaysia,91.215.73.221
721,Donna,Hayes,dhayes@babbleopia.info,Trinidad and Tobago,168.181.184.137
722,Maria,Armstrong,marmstrong@skaboo.info,"Congo, Republic of",26.163.115.113
723,Andrea,Chavez,achavez@demimbu.mil,Hungary,3.63.180.102
724,Annie,Weaver,aweaver@skippad.org,Netherlands,189.184.99.150
725,David,Warren,dwarren@rhybox.com,Greenland,185.50.131.56
726,Debra,Bishop,dbishop@feednation.com,United States Virgin Islands,70.38.56.103
727,Mildred,Harris,mharris@trunyx.edu,Suriname,194.53.220.8
728,Joan,Ryan,jryan@geba.mil,Poland,168.110.132.88
729,Gerald,Hanson,ghanson@tagopia.com,American Samoa,34.183.83.4
730,Irene,Thompson,ithompson@centimia.com,Malawi,96.134.94.56
731,Nancy,Kim,nkim@teklist.gov,Mongolia,21.16.25.117
732,Dennis,Hamilton,dhamilton@linkbridge.net,Colombia,4.223.123.13
733,Jane,Perkins,jperkins@quaxo.edu,Oman,17.201.135.0
734,Earl,Reyes,ereyes@devcast.mil,Portugal,82.90.13.148
735,Carlos,Franklin,cfranklin@innoz.edu,Malawi,157.255.250.25
736,Joan,Long,jlong@vidoo.org,Oman,147.52.12.136
737,Michelle,Grant,mgrant@livepath.org,French Polynesia,79.68.69.255
738,Doris,Garrett,dgarrett@trudeo.org,US Minor Outlying Islands,32.61.60.203
739,Anna,Lewis,alewis@shufflebeat.edu,Niger,120.31.236.182
740,Marie,Carroll,mcarroll@innotype.com,Eritrea,68.184.126.128
741,Mary,Elliott,melliott@minyx.gov,Bulgaria,105.27.206.252
742,Paula,Gray,pgray@livetube.gov,Singapore,40.244.37.8
743,Ronald,Banks,rbanks@feedmix.biz,French Guiana,100.169.66.240
744,Brandon,Cruz,bcruz@twiyo.com,Lithuania,234.143.147.27
745,Christine,Cooper,ccooper@bubbletube.org,Nicaragua,168.191.177.230
746,Ronald,Boyd,rboyd@twinder.net,Nigeria,237.207.255.214
747,John,Robertson,jrobertson@meetz.gov,Guyana,242.133.137.159
748,Emily,Palmer,epalmer@quinu.mil,Malawi,58.8.82.17
749,Ernest,Ford,eford@edgetag.gov,Australia,20.169.43.33
750,Donna,Sanchez,dsanchez@zoonoodle.net,El Salvador,64.117.196.103
751,Gregory,Hunter,ghunter@tagtune.net,Lesotho,34.27.180.98
752,Amy,Burton,aburton@shuffledrive.info,Brazil,71.33.97.27
753,Daniel,Chavez,dchavez@centidel.gov,Seychelles,87.148.160.197
754,Wanda,Garrett,wgarrett@rhycero.info,Netherlands Antilles,144.227.99.120
755,Robin,Ellis,rellis@gabtune.org,Palau,110.38.235.82
756,Jack,Sims,jsims@pixope.com,Angola,36.33.33.79
757,Bruce,Greene,bgreene@skimia.name,Iran,134.144.210.37
758,Emily,Franklin,efranklin@camimbo.net,French Polynesia,184.174.188.202
759,Robert,Cox,rcox@linkbridge.name,Reunion,163.132.214.177
760,Daniel,Harrison,dharrison@zazio.com,Slovenia,153.192.166.206
761,Lori,Arnold,larnold@meejo.org,Turkmenistan,122.142.76.35
762,Kathleen,Romero,kromero@lazz.net,Ethiopia,39.7.138.90
763,Doris,Johnston,djohnston@yakidoo.biz,Malta,232.245.60.157
764,Adam,Stephens,astephens@thoughtmix.edu,Comoros,213.45.137.217
765,Bonnie,Perkins,bperkins@kwimbee.name,Christmas Island,240.163.217.156
766,Irene,Mendoza,imendoza@gabvine.info,Brunei Darussalam,122.95.115.47
767,Mark,Perez,mperez@devpulse.com,Albania,27.190.167.56
768,Michelle,Holmes,mholmes@twitterworks.com,Bhutan,84.220.165.221
769,Roy,Rose,rrose@skyba.mil,Italy,164.76.100.136
770,Jane,Watson,jwatson@blogxs.info,Jamaica,58.148.38.224
771,Angela,Evans,aevans@vitz.biz,Qatar,197.71.43.40
772,Harold,Banks,hbanks@flipopia.mil,Eritrea,80.99.199.38
773,Sarah,Watson,swatson@twitterwire.edu,Oman,157.114.144.180
774,Annie,Moreno,amoreno@devpulse.name,Yugoslavia,3.55.164.137
775,Louise,Lawson,llawson@jabberbean.edu,Serbia,15.205.78.171
776,Ronald,Porter,rporter@kwinu.name,Uganda,6.21.188.1
777,Earl,Simpson,esimpson@snaptags.mil,Panama,175.217.184.85
778,Paul,Kennedy,pkennedy@gigaclub.com,Anguilla,51.184.97.128
779,Stephanie,Allen,sallen@mita.net,Falkland Islands (Malvinas),65.36.217.242
780,Fred,Simmons,fsimmons@skajo.gov,"Palestinian Territory, Occupied",19.94.166.248
781,Nicole,Castillo,ncastillo@zoomdog.org,Isle of Man,174.155.178.6
782,Stephanie,Ross,sross@topicshots.org,Falkland Islands (Malvinas),249.62.43.152
783,Eric,Wood,ewood@photojam.org,US Minor Outlying Islands,98.168.27.174
784,Elizabeth,Day,eday@babblestorm.net,Bahrain,100.129.14.110
785,Rachel,Morris,rmorris@linkbuzz.net,Ukraine,179.103.254.110
786,Jean,Robinson,jrobinson@rhycero.edu,Singapore,213.87.189.226
787,Peter,Morales,pmorales@gabvine.net,Kuwait,173.14.231.163
788,Mark,Banks,mbanks@browsedrive.edu,France,122.26.67.107
789,Kelly,White,kwhite@realbridge.gov,Haiti,44.24.81.33
790,Scott,Greene,sgreene@flashdog.mil,Dominica,7.156.121.190
791,Jonathan,Lynch,jlynch@abata.org,Solomon Islands,146.108.167.152
792,Margaret,Berry,mberry@voolith.gov,Christmas Island,76.74.103.136
793,Jacqueline,Collins,jcollins@browsecat.edu,Brazil,227.32.78.128
794,Andrew,Green,agreen@babbleblab.biz,Venezuela,244.28.151.248
795,Joshua,Mason,jmason@agimba.info,Kuwait,15.95.254.155
796,Evelyn,Ortiz,eortiz@wordtune.name,Vanuatu,212.199.46.80
797,Amanda,Carpenter,acarpenter@dabshots.mil,Montenegro,251.95.186.173
798,Katherine,Hall,khall@camido.com,United Kingdom,208.90.106.213
799,Paul,Powell,ppowell@midel.biz,Paraguay,214.57.121.147
800,Judith,Fowler,jfowler@dabfeed.info,Lebanon,253.217.128.173
801,Roy,Moore,rmoore@photofeed.info,Ethiopia,227.234.80.155
802,Randy,Graham,rgraham@tagfeed.mil,"Congo, Republic of",107.79.199.91
803,Kathryn,Hamilton,khamilton@dabvine.name,"Korea, South",132.204.193.37
804,Victor,Hudson,vhudson@skynoodle.mil,Saint Martin,204.6.145.17
805,Nicholas,Grant,ngrant@demivee.com,Cook Islands,193.219.174.232
806,Cheryl,Bennett,cbennett@bubbletube.name,Antarctica,65.157.20.245
807,Lori,Perry,lperry@oozz.net,Mali,10.174.153.13
808,Jesse,Perez,jperez@eidel.com,Saint Helena,216.6.39.21
809,Carlos,Rivera,crivera@quamba.info,Laos,35.10.129.252
810,Harry,Fuller,hfuller@dabfeed.com,Niger,161.17.174.168
811,Jane,Wagner,jwagner@shuffledrive.info,United Kingdom,239.12.43.68
812,Joseph,Mitchell,jmitchell@zoomlounge.name,Turkmenistan,219.65.216.53
813,Martha,Owens,mowens@mymm.gov,Spain,70.194.157.101
814,Helen,Perkins,hperkins@browsedrive.mil,United Arab Emirates,148.169.209.169
815,Linda,Bailey,lbailey@yodoo.com,San Marino,255.164.60.54
816,Sara,Diaz,sdiaz@geba.net,Tokelau,70.76.206.145
817,Dorothy,George,dgeorge@latz.net,Palau,25.123.147.187
818,Shirley,Rodriguez,srodriguez@kwimbee.biz,Cook Islands,232.87.205.181
819,Julie,Reyes,jreyes@yodo.info,France,239.224.180.207
820,Theresa,Morris,tmorris@skilith.biz,Malta,0.23.8.197
821,Craig,Hill,chill@quinu.org,Swaziland,181.19.182.55
822,Benjamin,Alexander,balexander@reallinks.net,Laos,155.195.175.176
823,Angela,Payne,apayne@thoughtsphere.biz,Sweden,180.227.32.194
824,Anne,Wells,awells@realcube.info,Libya,95.119.37.213
825,Samuel,Brooks,sbrooks@fliptune.gov,Gambia,34.163.208.43
826,George,Torres,gtorres@plajo.biz,Saint Kitts and Nevis,128.243.228.34
827,Adam,Thomas,athomas@dablist.gov,Guinea,6.167.164.7
828,Donald,Rice,drice@thoughtbeat.net,Bolivia,99.229.92.11
829,Roy,Williams,rwilliams@shuffledrive.info,Suriname,80.54.80.97
830,Rachel,Torres,rtorres@wordify.info,Liberia,54.109.48.54
831,Scott,Stanley,sstanley@feedbug.gov,"Korea, South",71.220.110.85
832,Wanda,Flores,wflores@miboo.gov,Vatican City State (Holy See),24.229.55.137
833,Janet,Cole,jcole@quinu.com,Poland,137.0.67.80
834,Brenda,Alexander,balexander@demimbu.mil,Mexico,95.13.47.107
835,Marie,Gomez,mgomez@jamia.mil,Barbados,212.253.68.76
836,Scott,King,sking@buzzdog.info,Cape Verde,12.41.195.100
837,Gloria,Sullivan,gsullivan@youbridge.com,Haiti,22.168.180.254
838,Carol,Shaw,cshaw@avamba.biz,Falkland Islands (Malvinas),7.179.0.235
839,Jennifer,Roberts,jroberts@ozu.net,United Arab Emirates,156.20.253.179
840,Richard,Ramos,rramos@yamia.biz,Gibraltar,209.91.1.199
841,Benjamin,Tucker,btucker@photolist.gov,South Georgia and the South Sandwich Islands,28.219.122.24
842,Jose,George,jgeorge@trupe.edu,Spain,162.197.156.184
843,Stephanie,Mcdonald,smcdonald@centimia.com,Saint Barthelemy,5.35.66.145
844,Justin,Ray,jray@skiptube.name,Brunei Darussalam,236.219.145.59
845,Carol,Gomez,cgomez@twitterlist.net,Liechtenstein,4.199.140.139
846,Janice,Jordan,jjordan@eazzy.org,Cocos (Keeling) Island,3.224.131.57
847,Justin,Williamson,jwilliamson@centimia.edu,Indonesia,247.76.23.172
848,Mark,Rodriguez,mrodriguez@centidel.gov,Georgia,233.3.136.132
849,Amy,Sanders,asanders@gabtune.net,Bangladesh,101.122.202.32
850,Emily,Black,eblack@gigazoom.gov,Timor-Leste,180.140.193.14
851,Samuel,Rice,srice@gigazoom.gov,Belize,213.120.171.188
852,Keith,Kim,kkim@fanoodle.net,Wallis and Futuna Islands,194.128.129.129
853,Billy,Schmidt,bschmidt@livefish.biz,Vanuatu,200.208.97.45
854,Walter,Fernandez,wfernandez@thoughtmix.edu,Seychelles,104.183.113.119
855,Jose,Carpenter,jcarpenter@flipopia.com,Åland,217.58.118.7
856,Ralph,Wells,rwells@jabbersphere.biz,Tajikistan,27.107.86.56
857,Justin,Diaz,jdiaz@fivespan.org,Antigua and Barbuda,3.55.142.88
858,Antonio,Reynolds,areynolds@voolia.gov,Cote d'Ivoire,245.75.40.132
859,Barbara,Thompson,bthompson@yadel.org,Ukraine,180.13.114.53
860,Gerald,Brooks,gbrooks@feedfire.com,"Palestinian Territory, Occupied",203.43.103.112
861,Raymond,Price,rprice@roodel.org,Morocco,72.238.203.238
862,Karen,Weaver,kweaver@voonte.org,Saint Vincent and the Grenadines,231.185.86.170
863,Ralph,Day,rday@rhynyx.info,French Polynesia,150.155.243.44
864,Fred,Gray,fgray@reallinks.biz,Niue,116.118.108.156
865,Gloria,Lawson,glawson@skalith.org,French Polynesia,30.48.60.126
866,Andrea,Gonzalez,agonzalez@browsecat.mil,Cook Islands,248.52.117.26
867,Adam,West,awest@meejo.org,"Palestinian Territory, Occupied",126.93.16.25
868,Dorothy,Lawrence,dlawrence@skipstorm.info,Iran,61.187.40.149
869,Heather,Clark,hclark@mydo.org,Liechtenstein,196.238.134.139
870,Beverly,Austin,baustin@rhynyx.com,Guinea-Bissau,7.7.154.86
871,Tammy,Willis,twillis@demizz.mil,Svalbard and Jan Mayen Islands,64.212.138.15
872,Lois,Campbell,lcampbell@fivespan.info,Iceland,2.214.35.235
873,Ernest,Brooks,ebrooks@rhyloo.mil,Monaco,11.228.20.15
874,Jimmy,Hall,jhall@muxo.name,Senegal,197.245.185.182
875,Carolyn,Gonzales,cgonzales@zooxo.biz,Benin,91.17.188.112
876,Matthew,Knight,mknight@linktype.org,Tunisia,39.98.140.48
877,Carol,Marshall,cmarshall@jaxspan.gov,Guinea,47.79.85.118
878,Ryan,Kennedy,rkennedy@edgeblab.biz,Sao Tome and Principe,194.104.40.159
879,Theresa,Armstrong,tarmstrong@gigazoom.com,Monaco,81.232.53.180
880,Paula,Morgan,pmorgan@quire.info,Guernsey,142.86.117.75
881,Rose,Morrison,rmorrison@fivespan.com,Bulgaria,160.234.102.135
882,Barbara,Bell,bbell@yakitri.org,Equatorial Guinea,252.194.179.244
883,Rose,Kelley,rkelley@vimbo.edu,Ascension Island,124.137.133.198
884,Douglas,Hunter,dhunter@livetube.edu,Saint Vincent and the Grenadines,75.248.31.186
885,Barbara,Ortiz,bortiz@skyndu.org,Slovenia,186.68.150.43
886,Janice,Sullivan,jsullivan@flipopia.gov,Jersey,236.38.117.77
887,Christopher,Mills,cmills@fivespan.net,Sudan,28.147.84.22
888,Adam,Carr,acarr@photospace.org,Nicaragua,107.85.244.52
889,Anna,Austin,aaustin@zooxo.org,Tajikistan,6.165.175.194
890,Sarah,Fernandez,sfernandez@snaptags.mil,Saint Pierre and Miquelon,38.162.165.194
891,Richard,Bell,rbell@eabox.com,Zimbabwe,123.224.165.69
892,Patricia,Reed,preed@topiclounge.mil,Burundi,125.138.106.22
893,Ann,Woods,awoods@meevee.biz,Guatemala,166.216.59.68
894,John,Austin,jaustin@avavee.biz,Jersey,30.2.20.68
895,Andrea,Coleman,acoleman@avaveo.biz,"Korea, North",84.117.98.51
896,Teresa,Martinez,tmartinez@zava.mil,Morocco,7.127.128.116
897,Catherine,Torres,ctorres@shufflester.com,Tuvalu,22.150.121.92
898,Nicole,Wheeler,nwheeler@brainlounge.gov,Haiti,198.63.111.219
899,Bonnie,Cooper,bcooper@tagcat.org,Heard and McDonald Islands,184.194.205.49
900,Ruby,Arnold,rarnold@jumpxs.info,Macau,166.17.227.53
901,Joe,Rodriguez,jrodriguez@flipbug.edu,France,20.234.100.159
902,Michelle,Johnston,mjohnston@jabbertype.com,Faroe Islands,79.74.45.122
903,Julie,Parker,jparker@skimia.info,Morocco,72.173.202.66
904,Ruby,Montgomery,rmontgomery@kwilith.info,Laos,242.148.70.169
905,Edward,Montgomery,emontgomery@avamm.gov,Libya,227.171.105.252
906,Arthur,Gilbert,agilbert@tavu.name,Fiji,143.143.72.137
907,Shawn,Hamilton,shamilton@jabbercube.org,Cayman Islands,221.152.241.69
908,Diana,Mills,dmills@oyoyo.net,Montserrat,194.213.171.91
909,Margaret,Arnold,marnold@topicblab.mil,Nepal,244.212.69.118
910,Nicholas,Brooks,nbrooks@tavu.mil,Vietnam,11.132.124.111
911,Lillian,Lee,llee@mycat.net,Belgium,217.135.46.222
912,Stephen,Hall,shall@meevee.info,Cote d'Ivoire,188.243.175.100
913,Dorothy,Long,dlong@avamm.name,Mozambique,18.208.11.187
914,Amy,Gray,agray@topicware.org,China,148.202.49.173
915,Anna,Moreno,amoreno@ntags.biz,San Marino,185.92.229.150
916,Juan,Harris,jharris@livetube.com,Botswana,181.253.74.160
917,Mark,Gutierrez,mgutierrez@dabvine.net,Mongolia,170.139.246.176
918,Margaret,Marshall,mmarshall@quinu.com,Ukraine,81.213.114.25
919,Justin,Robinson,jrobinson@zoomdog.biz,Libya,174.26.115.17
920,Ernest,Gilbert,egilbert@skidoo.org,Belgium,62.90.144.96
921,Jean,Perkins,jperkins@tanoodle.gov,Dominican Republic,59.10.103.61
922,Christopher,Scott,cscott@dabz.info,Brazil,50.160.170.127
923,Joyce,Fernandez,jfernandez@devify.info,Equatorial Guinea,249.106.82.68
924,Matthew,Lawrence,mlawrence@skyndu.biz,Turkmenistan,152.35.173.207
925,Catherine,Cook,ccook@meeveo.biz,Niger,40.146.230.181
926,Bonnie,Armstrong,barmstrong@thoughtbridge.com,Slovenia,197.237.225.41
927,Antonio,Rogers,arogers@voomm.gov,Germany,213.66.137.152
928,Anna,Ellis,aellis@thoughtstorm.name,Vatican City State (Holy See),158.93.54.3
929,Randy,Cox,rcox@livetube.com,Wallis and Futuna Islands,63.94.179.168
930,Jack,Hayes,jhayes@youfeed.com,Saint Lucia,84.102.23.90
931,Arthur,Duncan,aduncan@realblab.info,Saudia Arabia,156.116.1.38
932,Rachel,Ward,rward@browsezoom.net,Slovenia,144.213.110.187
933,Doris,Berry,dberry@bubblemix.info,French Guiana,117.189.143.40
934,Lawrence,Cook,lcook@trudoo.mil,Slovakia,174.65.85.56
935,Brenda,Black,bblack@eabox.name,Kenya,220.194.182.238
936,Patrick,Robinson,probinson@jayo.gov,Mozambique,30.239.37.67
937,Robert,Cunningham,rcunningham@reallinks.net,Marshall Islands,141.81.219.222
938,Shirley,Mccoy,smccoy@digitube.name,Syria,31.52.67.30
939,Charles,Hall,chall@brightdog.edu,Cyprus,24.183.186.73
940,Clarence,Crawford,ccrawford@edgeblab.name,Timor-Leste,97.45.24.26
941,Tina,Howard,thoward@latz.gov,New Caledonia,187.199.129.123
942,Ann,Gibson,agibson@trudoo.name,Grenada,211.218.83.114
943,Randy,Thomas,rthomas@quamba.net,Tajikistan,199.128.60.236
944,Russell,Jordan,rjordan@linktype.org,Cyprus,167.63.115.173
945,Ruth,Wagner,rwagner@riffwire.gov,Cambodia,130.128.208.196
946,Kevin,Bennett,kbennett@yacero.edu,Saint Helena,53.176.216.116
947,Gary,Hansen,ghansen@photofeed.net,Tunisia,252.233.109.94
948,Johnny,Jenkins,jjenkins@lazz.net,United States Virgin Islands,131.1.96.244
949,Gloria,Rivera,grivera@kare.net,Equatorial Guinea,118.152.246.188
950,Craig,Bishop,cbishop@tanoodle.com,Saint Pierre and Miquelon,255.131.209.81
951,Diane,Freeman,dfreeman@buzzster.mil,Aruba,141.211.144.26
952,Irene,Elliott,ielliott@camimbo.mil,Turkmenistan,176.144.105.132
953,Judith,Nichols,jnichols@chatterbridge.edu,Tunisia,114.202.73.78
954,Marie,Hicks,mhicks@tagchat.org,Pakistan,53.161.141.1
955,Brandon,James,bjames@vinder.info,Åland,79.12.33.178
956,Marilyn,Payne,mpayne@omba.edu,Chad,157.52.44.75
957,Denise,Black,dblack@linktype.gov,Serbia,116.247.219.0
958,Douglas,Collins,dcollins@jumpxs.org,Netherlands,178.148.228.2
959,Craig,Frazier,cfrazier@jabbercube.mil,Vatican City State (Holy See),78.55.159.181
960,Walter,Andrews,wandrews@reallinks.edu,Mongolia,223.138.250.62
961,Andrew,Lawrence,alawrence@thoughtmix.edu,Nicaragua,123.170.150.104
962,Craig,Howell,chowell@livez.info,Oman,217.93.185.189
963,Michelle,Gonzalez,mgonzalez@leenti.biz,Iran,64.8.181.88
964,Ruby,Hart,rhart@twitternation.net,Nicaragua,183.92.182.23
965,Robert,Ford,rford@dynava.name,Portugal,152.147.123.16
966,Albert,Snyder,asnyder@yata.edu,Saint Kitts and Nevis,47.22.147.186
967,Carlos,Bell,cbell@bluejam.edu,Costa Rica,194.19.92.246
968,Lois,Reynolds,lreynolds@devify.info,Botswana,205.228.178.242
969,Michael,Foster,mfoster@realcube.info,Niue,83.147.140.236
970,Sean,Torres,storres@realbridge.biz,French Polynesia,185.180.35.63
971,Henry,Burns,hburns@rhyzio.gov,Cook Islands,123.252.255.117
972,Bruce,Lee,blee@wikizz.mil,Tanzania,5.114.214.22
973,Barbara,Barnes,bbarnes@oloo.mil,French Polynesia,22.193.124.176
974,Phyllis,Lane,plane@skinix.net,Denmark,65.189.41.16
975,Norma,Hawkins,nhawkins@pixonyx.com,Philippines,200.64.216.185
976,Lillian,Ramirez,lramirez@babbleblab.edu,New Caledonia,86.228.157.155
977,Evelyn,Wallace,ewallace@brainverse.net,Antigua and Barbuda,126.225.157.119
978,Tina,Palmer,tpalmer@trudoo.gov,Costa Rica,128.189.248.243
979,Irene,Henderson,ihenderson@dabshots.info,Senegal,112.113.245.95
980,Christina,Lopez,clopez@voonyx.biz,Fiji,3.64.163.10
981,Raymond,Little,rlittle@yata.mil,Zambia,69.56.29.230
982,Henry,Castillo,hcastillo@tekfly.gov,Guyana,60.162.87.218
983,Chris,Peters,cpeters@kwideo.com,Saint Barthelemy,40.28.19.161
984,Gregory,Carpenter,gcarpenter@brightdog.mil,Sweden,131.254.138.119
985,George,King,gking@youfeed.edu,Saint Pierre and Miquelon,165.79.124.71
986,Lillian,Rodriguez,lrodriguez@flashspan.name,Sudan,141.172.47.7
987,Albert,Bryant,abryant@voomm.edu,Martinique,221.201.165.2
988,Terry,Montgomery,tmontgomery@oyoloo.name,Eritrea,241.35.35.8
989,Jose,Bryant,jbryant@wordpedia.mil,Macau,229.208.92.197
990,Kelly,Elliott,kelliott@yata.gov,Taiwan,3.163.242.119
991,Sean,Hunt,shunt@quinu.name,Ireland,163.21.103.232
992,Wayne,Perkins,wperkins@yakidoo.biz,Western Sahara,136.250.183.226
993,Julia,Knight,jknight@shuffletag.org,Armenia,224.247.119.37
994,Daniel,Wood,dwood@tambee.com,Gabon,71.251.144.162
995,Betty,Jenkins,bjenkins@meembee.biz,Saint Lucia,209.4.81.220
996,Joseph,Hughes,jhughes@fatz.info,Saint Helena,62.19.229.236
997,Jeffrey,Edwards,jedwards@fivebridge.edu,Antigua and Barbuda,17.247.11.114
998,Jane,Armstrong,jarmstrong@linklinks.gov,Gibraltar,108.140.99.241
999,Teresa,Andrews,tandrews@jabbersphere.name,Chile,135.84.10.158
1000,Tammy,Owens,towens@demivee.net,Antarctica,232.239.213.78
